# cities organized by state
USA_Major_Cities:
  Alabama:
    - Birmingham, AL
    - Montgomery, AL
    - Mobile, AL
  Alaska:
    - Anchorage, AK
    - Fairbanks, AK
    - Juneau, AK
  Arizona:
    - Phoenix, AZ
    - Tucson, AZ
    - Mesa, AZ
  Arkansas:
    - Little Rock, AR
    - Fort Smith, AR
    - Fayetteville, AR
  California:
    - Los Angeles, CA
    - San Francisco, CA
    - San Diego, CA
    - Sacramento, CA
  Colorado:
    - Denver, CO
    - Colorado Springs, CO
    - Aurora, CO
  Connecticut:
    - Bridgeport, CT
    - New Haven, CT
    - Hartford, CT
  Delaware:
    - Wilmington, DE
    - Dover, DE
    - Newark, DE
  Florida:
    - Miami, FL
    - Orlando, FL
    - Tampa, FL
    - Jacksonville, FL
  Georgia:
    - Atlanta, GA
    - Savannah, GA
    - Augusta, GA
  Hawaii:
    - Honolulu, HI
    - Hilo, HI
    - Kailua, HI
  Idaho:
    - Boise, ID
    - Nampa, ID
    - Idaho Falls, ID
  Illinois:
    - Chicago, IL
    - Springfield, IL
    - Rockford, IL
  Indiana:
    - Indianapolis, IN
    - Fort Wayne, IN
    - Evansville, IN
  Iowa:
    - Des Moines, IA
    - Cedar Rapids, IA
    - Davenport, IA
  Kansas:
    - Wichita, KS
    - Overland Park, KS
    - Topeka, KS
  Kentucky:
    - Louisville, KY
    - Lexington, KY
    - Bowling Green, KY
  Louisiana:
    - New Orleans, LA
    - Baton Rouge, LA
    - Shreveport, LA
  Maine:
    - Portland, ME
    - Bangor, ME
    - Augusta, ME
  Maryland:
    - Baltimore, MD
    - Annapolis, MD
    - Frederick, MD
  Massachusetts:
    - Boston, MA
    - Worcester, MA
    - Springfield, MA
  Michigan:
    - Detroit, MI
    - Grand Rapids, MI
    - Lansing, MI
  Minnesota:
    - Minneapolis, MN
    - Saint Paul, MN
    - Rochester, MN
  Mississippi:
    - Jackson, MS
    - Gulfport, MS
    - Hattiesburg, MS
  Missouri:
    - Kansas City, MO
    - Saint Louis, MO
    - Springfield, MO
  Montana:
    - Billings, MT
    - Missoula, MT
    - Great Falls, MT
  Nebraska:
    - Omaha, NE
    - Lincoln, NE
    - Bellevue, NE
  Nevada:
    - Las Vegas, NV
    - Reno, NV
    - Henderson, NV
  New Hampshire:
    - Manchester, NH
    - Nashua, NH
    - Concord, NH
  New Jersey:
    - Newark, NJ
    - Jersey City, NJ
    - Paterson, NJ
  New Mexico:
    - Albuquerque, NM
    - Santa Fe, NM
    - Las Cruces, NM
  New York:
    - New York City, NY
    - Buffalo, NY
    - Rochester, NY
    - Syracuse, NY
  North Carolina:
    - Charlotte, NC
    - Raleigh, NC
    - Greensboro, NC
  North Dakota:
    - Fargo, ND
    - Bismarck, ND
    - Grand Forks, ND
  Ohio:
    - Cleveland, OH
    - Columbus, OH
    - Cincinnati, OH
  Oklahoma:
    - Oklahoma City, OK
    - Tulsa, OK
    - Norman, OK
  Oregon:
    - Portland, OR
    - Salem, OR
    - Eugene, OR
  Pennsylvania:
    - Philadelphia, PA
    - Pittsburgh, PA
    - Allentown, PA
  Rhode Island:
    - Providence, RI
    - Warwick, RI
    - Cranston, RI
  South Carolina:
    - Charleston, SC
    - Columbia, SC
    - Greenville, SC
  South Dakota:
    - Sioux Falls, SD
    - Rapid City, SD
    - Aberdeen, SD
  Tennessee:
    - Nashville, TN
    - Memphis, TN
    - Knoxville, TN
  Texas:
    - Houston, TX
    - Dallas, TX
    - Austin, TX
    - San Antonio, TX
  Utah:
    - Salt Lake City, UT
    - West Valley City, UT
    - Provo, UT
  Vermont:
    - Burlington, VT
    - Montpelier, VT
    - Rutland, VT
  Virginia:
    - Virginia Beach, VA
    - Richmond, VA
    - Norfolk, VA
  Washington:
    - Seattle, WA
    - Spokane, WA
    - Tacoma, WA
  West Virginia:
    - Charleston, WV
    - Huntington, WV
    - Morgantown, WV
  Wisconsin:
    - Milwaukee, WI
    - Madison, WI
    - Green Bay, WI
  Wyoming:
    - Cheyenne, WY
    - Casper, WY
    - Laramie, WY